tenure,year,date,site_id,pdf_url
2024-2029,1st Parliamentary Year,"Monday, 17th February, 2025",912,https://na.gov.pk/uploads/documents/questions/67b32cf5139ff_483.pdf
2024-2029,1st Parliamentary Year,"Friday, 14th February, 2025",911,https://na.gov.pk/uploads/documents/questions/67aed7c458ba5_576.pdf
2024-2029,1st Parliamentary Year,"Wednesday, 12th February, 2025",910,https://na.gov.pk/uploads/documents/questions/67ac898b928d9_672.pdf
2024-2029,1st Parliamentary Year,"Monday, 10th February, 2025",909,https://na.gov.pk/uploads/documents/questions/67a9f1280c60a_646.pdf
2024-2029,1st Parliamentary Year,"Thursday, 23rd January, 2025",908,https://na.gov.pk/uploads/documents/questions/67920bb3678de_693.pdf
2024-2029,1st Parliamentary Year,"Wednesday, 22nd January, 2025",907,https://na.gov.pk/uploads/documents/questions/6790be80968cc_138.pdf
2024-2029,1st Parliamentary Year,"Monday, 20th January, 2025",906,https://na.gov.pk/uploads/documents/questions/67ab086d769b8_566.pdf
2024-2029,1st Parliamentary Year,"Friday, 17th January, 2025",905,https://na.gov.pk/uploads/documents/questions/678a3d21349b9_736.pdf
2024-2029,1st Parliamentary Year,"Thursday, 16th January, 2025",903,https://na.gov.pk/uploads/documents/questions/6788efb3aac0f_426.pdf
2024-2029,1st Parliamentary Year,"Wednesday, 15th January, 2025",902,https://na.gov.pk/uploads/documents/questions/6787956b68830_499.pdf
2024-2029,1st Parliamentary Year,"Monday, 13th January, 2025",901,https://na.gov.pk/uploads/documents/questions/6785176e24a68_735.pdf
2024-2029,1st Parliamentary Year,"Thursday, 19th December, 2024",900,https://na.gov.pk/uploads/documents/questions/676409be8b99d_283.pdf
2024-2029,1st Parliamentary Year,"Wednesday, 18th December, 2024",899,https://na.gov.pk/uploads/documents/questions/6762b798a465d_316.pdf
2024-2029,1st Parliamentary Year,"Monday, 16th December, 2024",898,https://na.gov.pk/uploads/documents/questions/67612c07ba836_374.pdf
2024-2029,1st Parliamentary Year,"Friday, 13th December, 2024",897,https://na.gov.pk/uploads/documents/questions/675c0efa044e2_574.pdf
2024-2029,1st Parliamentary Year,"Thursday, 12th December, 2024",896,https://na.gov.pk/uploads/documents/questions/675bd71e91590_874.pdf
2024-2029,1st Parliamentary Year,"Wednesday, 11th December, 2024",895,https://na.gov.pk/uploads/documents/questions/6762bae87c12d_670.pdf
2024-2029,1st Parliamentary Year,"Monday, 4th November, 2024",889,https://na.gov.pk/uploads/documents/questions/673c58611260c_685.pdf
2024-2029,1st Parliamentary Year,"Friday, 1st November, 2024",888,https://na.gov.pk/uploads/documents/questions/673c5a1915934_561.pdf
2024-2029,1st Parliamentary Year,"Monday, 28th October, 2024",887,https://na.gov.pk/uploads/documents/questions/673d9b958f48a_655.pdf
2024-2029,1st Parliamentary Year,"Friday, 25th October, 2024",886,https://na.gov.pk/uploads/documents/questions/673d9cfff02cb_292.pdf
2024-2029,1st Parliamentary Year,"Wednesday, 23rd October, 2024",884,https://na.gov.pk/uploads/documents/questions/673c381c14bbb_727.pdf
2024-2029,1st Parliamentary Year,"Monday, 21st October, 2024",883,https://na.gov.pk/uploads/documents/questions/67173551a1e18_357.pdf
2024-2029,1st Parliamentary Year,"Sunday, 20th October, 2024",882,https://na.gov.pk/uploads/documents/questions/673d9dbfe0f88_761.pdf
2024-2029,1st Parliamentary Year,"Saturday, 19th October, 2024",885,https://na.gov.pk/uploads/documents/questions/673c439ab1069_256.pdf
2024-2029,1st Parliamentary Year,"Friday, 18th October, 2024",890,https://na.gov.pk/uploads/documents/questions/673c3dc0da9ec_444.pdf
2024-2029,1st Parliamentary Year,"Thursday, 17th October, 2024",879,https://na.gov.pk/uploads/documents/questions/673c45596dee3_406.pdf
2024-2029,1st Parliamentary Year,"Monday, 16th September, 2024",878,https://na.gov.pk/uploads/documents/questions/66ea5517f0b1d_561.pdf
2024-2029,1st Parliamentary Year,"Sunday, 15th September, 2024",877,https://na.gov.pk/uploads/documents/questions/673ec2b75f3ce_784.pdf
2024-2029,1st Parliamentary Year,"Saturday, 14th September, 2024",875,https://na.gov.pk/uploads/documents/questions/673ec1c929f37_422.pdf
2024-2029,1st Parliamentary Year,"Friday, 13th September, 2024",874,https://na.gov.pk/uploads/documents/questions/673c516c1d256_354.pdf
2024-2029,1st Parliamentary Year,"Thursday, 12th September, 2024",873,https://na.gov.pk/uploads/documents/questions/673c52926695b_453.pdf
2024-2029,1st Parliamentary Year,"Wednesday, 11th September, 2024",872,https://na.gov.pk/uploads/documents/questions/673c67396a9c2_146.pdf
2024-2029,1st Parliamentary Year,"Monday, 9th September, 2024",870,https://na.gov.pk/uploads/documents/questions/673c702abce5d_246.pdf
2024-2029,1st Parliamentary Year,"Friday, 6th September, 2024",891,https://na.gov.pk/uploads/documents/questions/673c61a7e523e_795.pdf
2024-2029,1st Parliamentary Year,"Thursday, 5th September, 2024",869,https://na.gov.pk/uploads/documents/questions/673c4d122779c_618.pdf
2024-2029,1st Parliamentary Year,"Wednesday, 4th September, 2024",868,https://na.gov.pk/uploads/documents/questions/673c5efbc02a2_652.pdf
2024-2029,1st Parliamentary Year,"Monday, 2nd September, 2024",867,https://na.gov.pk/uploads/documents/questions/673c56047393b_211.pdf
2024-2029,1st Parliamentary Year,"Friday, 30th August, 2024",866,https://na.gov.pk/uploads/documents/questions/673d5e6489a82_568.pdf
2024-2029,1st Parliamentary Year,"Monday, 26th August, 2024",865,https://na.gov.pk/uploads/documents/questions/673c6feb65a62_211.pdf
2024-2029,1st Parliamentary Year,"Friday, 9th August, 2024",864,https://na.gov.pk/uploads/documents/questions/673ed456df3d3_163.pdf
2024-2029,1st Parliamentary Year,"Monday, 5th August, 2024",863,https://na.gov.pk/uploads/documents/questions/673d5d3cce5ef_537.pdf
2024-2029,1st Parliamentary Year,"Friday, 2nd August, 2024",862,https://na.gov.pk/uploads/documents/questions/673db89541f74_439.pdf
2024-2029,1st Parliamentary Year,"Monday, 10th June, 2024",860,https://na.gov.pk/uploads/documents/questions/666715bc9c92b_291.pdf
2024-2029,1st Parliamentary Year,"Thursday, 6th June, 2024",859,https://na.gov.pk/uploads/documents/questions/673ef7b6f2657_653.pdf
2024-2029,1st Parliamentary Year,"Friday, 17th May, 2024",857,https://na.gov.pk/uploads/documents/questions/673d60c9b1601_117.pdf
2024-2029,1st Parliamentary Year,"Thursday, 16th May, 2024",894,https://na.gov.pk/uploads/documents/questions/673d654930ab1_423.pdf
2024-2029,1st Parliamentary Year,"Wednesday, 15th May, 2024",893,https://na.gov.pk/uploads/documents/questions/673d6df3e55b8_925.pdf
2024-2029,1st Parliamentary Year,"Monday, 1st April, 2024",856,https://na.gov.pk/uploads/documents/questions/673c63b14bca1_887.pdf
2024-2029,2nd Parliamentary Year,"Thursday, 12th February, 2026",962,https://na.gov.pk/uploads/documents/questions/698d80b1b8a8b_870.pdf
2024-2029,2nd Parliamentary Year,"Wednesday, 11th February, 2026",961,https://na.gov.pk/uploads/documents/questions/698c394e50a2a_976.pdf
2024-2029,2nd Parliamentary Year,"Monday, 9th February, 2026",960,https://na.gov.pk/uploads/documents/questions/6989f7e786245_144.pdf
2024-2029,2nd Parliamentary Year,"Thursday, 22nd January, 2026",959,https://na.gov.pk/uploads/documents/questions/6971da3fdc73c_534.pdf
2024-2029,2nd Parliamentary Year,"Wednesday, 21st January, 2026",958,https://na.gov.pk/uploads/documents/questions/6970931f0c9c1_583.pdf
2024-2029,2nd Parliamentary Year,"Monday, 19th January, 2026",957,https://na.gov.pk/uploads/documents/questions/696e36e6640d9_124.pdf
2024-2029,2nd Parliamentary Year,"Friday, 16th January, 2026",956,https://na.gov.pk/uploads/documents/questions/696a0a0c42435_726.pdf
2024-2029,2nd Parliamentary Year,"Monday, 12th January, 2026",955,https://na.gov.pk/uploads/documents/questions/696626531139e_871.pdf
2024-2029,2nd Parliamentary Year,"Wednesday, 10th December, 2025",954,https://na.gov.pk/uploads/documents/questions/6939201b148eb_999.pdf
2024-2029,2nd Parliamentary Year,"Monday, 8th December, 2025",953,https://na.gov.pk/uploads/documents/questions/6936d407d1fb2_695.pdf
2024-2029,2nd Parliamentary Year,"Friday, 5th December, 2025",952,https://na.gov.pk/uploads/documents/questions/69328bc3b5993_698.pdf
2024-2029,2nd Parliamentary Year,"Monday, 1st December, 2025",951,https://na.gov.pk/uploads/documents/questions/692da11491ecc_566.pdf
2024-2029,2nd Parliamentary Year,"Friday, 14th November, 2025",950,https://na.gov.pk/uploads/documents/questions/6916e5a51c6d8_507.pdf
2024-2029,2nd Parliamentary Year,"Thursday, 13th November, 2025",949,https://na.gov.pk/uploads/documents/questions/6915d030c214b_787.pdf
2024-2029,2nd Parliamentary Year,"Monday, 10th November, 2025",948,https://na.gov.pk/uploads/documents/questions/6911f353f2262_242.pdf
2024-2029,2nd Parliamentary Year,"Friday, 7th November, 2025",947,https://na.gov.pk/uploads/documents/questions/690d9eabefe7c_312.pdf
2024-2029,2nd Parliamentary Year,"Wednesday, 5th November, 2025",946,https://na.gov.pk/uploads/documents/questions/6960904c089cd_156.pdf
2024-2029,2nd Parliamentary Year,"Friday, 10th October, 2025",945,https://na.gov.pk/uploads/documents/questions/68ecfa72659db_652.pdf
2024-2029,2nd Parliamentary Year,"Thursday, 9th October, 2025",944,https://na.gov.pk/uploads/documents/questions/68e7b1a839cad_701.pdf
2024-2029,2nd Parliamentary Year,"Monday, 6th October, 2025",943,https://na.gov.pk/uploads/documents/questions/68e3c1df0063e_144.pdf
2024-2029,2nd Parliamentary Year,"Friday, 3rd October, 2025",942,https://na.gov.pk/uploads/documents/questions/68dfa201d0996_491.pdf
2024-2029,2nd Parliamentary Year,"Monday, 29th September, 2025",941,https://na.gov.pk/uploads/documents/questions/68da8f8e0d636_911.pdf
2024-2029,2nd Parliamentary Year,"Friday, 5th September, 2025",940,https://na.gov.pk/uploads/documents/questions/68ba8c164c3e9_793.pdf
2024-2029,2nd Parliamentary Year,"Monday, 1st September, 2025",939,https://na.gov.pk/uploads/documents/questions/68b5961e0a1c6_572.pdf
2024-2029,2nd Parliamentary Year,"Wednesday, 13th August, 2025",938,https://na.gov.pk/uploads/documents/questions/689c452f919d3_567.pdf
2024-2029,2nd Parliamentary Year,"Monday, 11th August, 2025",937,https://na.gov.pk/uploads/documents/questions/6899f071a0740_920.pdf
2024-2029,2nd Parliamentary Year,"Friday, 8th August, 2025",936,https://na.gov.pk/uploads/documents/questions/6895a92c71169_378.pdf
2024-2029,2nd Parliamentary Year,"Thursday, 7th August, 2025",935,https://na.gov.pk/uploads/documents/questions/6894590e55f47_926.pdf
2024-2029,2nd Parliamentary Year,"Wednesday, 6th August, 2025",934,https://na.gov.pk/uploads/documents/questions/689306ea47ffb_892.pdf
2024-2029,2nd Parliamentary Year,"Monday, 4th August, 2025",933,https://na.gov.pk/uploads/documents/questions/6890b80439cd9_855.pdf
2024-2029,2nd Parliamentary Year,"Friday, 13th June, 2025",932,https://na.gov.pk/uploads/documents/questions/684becae3f162_635.pdf
2024-2029,2nd Parliamentary Year,"Thursday, 22nd May, 2025",931,https://na.gov.pk/uploads/documents/questions/682ecebd1faff_909.pdf
2024-2029,2nd Parliamentary Year,"Wednesday, 21st May, 2025",930,https://na.gov.pk/uploads/documents/questions/682d76dce9c3c_834.pdf
2024-2029,2nd Parliamentary Year,"Monday, 19th May, 2025",929,https://na.gov.pk/uploads/documents/questions/682b249d9f54f_644.pdf
2024-2029,2nd Parliamentary Year,"Friday, 16th May, 2025",928,https://na.gov.pk/uploads/documents/questions/6826d7eb1f48e_453.pdf
2024-2029,2nd Parliamentary Year,"Thursday, 15th May, 2025",927,https://na.gov.pk/uploads/documents/questions/68258eacb96c0_600.pdf
2024-2029,2nd Parliamentary Year,"Wednesday, 14th May, 2025",926,https://na.gov.pk/uploads/documents/questions/68243ddfae980_411.pdf
2024-2029,2nd Parliamentary Year,"Monday, 12th May, 2025",925,https://na.gov.pk/uploads/documents/questions/6821f4bbf0e7c_852.pdf
2024-2029,2nd Parliamentary Year,"Monday, 5th May, 2025",924,https://na.gov.pk/uploads/documents/questions/6818a8a3d051b_206.pdf
2024-2029,2nd Parliamentary Year,"Monday, 14th April, 2025",923,https://na.gov.pk/uploads/documents/questions/67fcea99d2694_195.pdf
2024-2029,2nd Parliamentary Year,"Friday, 11th April, 2025",922,https://na.gov.pk/uploads/documents/questions/67f8dc0633b7d_449.pdf
2024-2029,2nd Parliamentary Year,"Thursday, 10th April, 2025",921,https://na.gov.pk/uploads/documents/questions/67f7924c310f0_138.pdf
2024-2029,2nd Parliamentary Year,"Wednesday, 9th April, 2025",920,https://na.gov.pk/uploads/documents/questions/67f659aaeab15_482.pdf
2024-2029,2nd Parliamentary Year,"Monday, 7th April, 2025",919,https://na.gov.pk/uploads/documents/questions/67f3c465e1e30_130.pdf
2024-2029,2nd Parliamentary Year,"Friday, 21st March, 2025",918,https://na.gov.pk/uploads/documents/questions/67dd0acee2fe7_669.pdf
2024-2029,2nd Parliamentary Year,"Wednesday, 19th March, 2025",917,https://na.gov.pk/uploads/documents/questions/67da71d3cbfeb_242.pdf
2024-2029,2nd Parliamentary Year,"Monday, 17th March, 2025",916,https://na.gov.pk/uploads/documents/questions/67d7eaeddd20d_351.pdf
2024-2029,2nd Parliamentary Year,"Friday, 14th March, 2025",915,https://na.gov.pk/uploads/documents/questions/67d3cfbb2932f_492.pdf
2024-2029,2nd Parliamentary Year,"Thursday, 13th March, 2025",914,https://na.gov.pk/uploads/documents/questions/67d295bb605ae_726.pdf
2024-2029,2nd Parliamentary Year,"Wednesday, 12th March, 2025",913,https://na.gov.pk/uploads/documents/questions/67d13c4945cd0_665.pdf
2024-2029,3rd Parliamentary Year,"Friday, 28th August, 2026",989,https://na.gov.pk/uploads/documents/questions/6a91367d415cc_857.pdf
2024-2029,3rd Parliamentary Year,"Monday, 24th August, 2026",988,https://na.gov.pk/uploads/documents/questions/6a8c43a51c75b_279.pdf
2024-2029,3rd Parliamentary Year,"Friday, 21st August, 2026",987,https://na.gov.pk/uploads/documents/questions/6a880279aefbf_149.pdf
2024-2029,3rd Parliamentary Year,"Thursday, 20th August, 2026",986,https://na.gov.pk/uploads/documents/questions/6a86d94e55187_302.pdf
2024-2029,3rd Parliamentary Year,"Wednesday, 19th August, 2026",985,https://na.gov.pk/uploads/documents/questions/6a858d9672b5e_888.pdf
2024-2029,3rd Parliamentary Year,"Monday, 17th August, 2026",983,https://na.gov.pk/uploads/documents/questions/6a83038dc066b_205.pdf
2024-2029,3rd Parliamentary Year,"Thursday, 11th June, 2026",982,https://na.gov.pk/uploads/documents/questions/6a2abbbcece66_319.pdf
2024-2029,3rd Parliamentary Year,"Wednesday, 10th June, 2026",979,https://na.gov.pk/uploads/documents/questions/6a295ddd88964_388.pdf
2024-2029,3rd Parliamentary Year,"Friday, 22nd May, 2026",978,https://na.gov.pk/uploads/documents/questions/6a10025e9ac73_271.pdf
2024-2029,3rd Parliamentary Year,"Wednesday, 20th May, 2026",984,https://na.gov.pk/uploads/documents/questions/6a840cf77bca0_377.pdf
2024-2029,3rd Parliamentary Year,"Monday, 18th May, 2026",977,https://na.gov.pk/uploads/documents/questions/6a0bfc98199a1_454.pdf
2024-2029,3rd Parliamentary Year,"Friday, 15th May, 2026",976,https://na.gov.pk/uploads/documents/questions/6a07134663177_940.pdf
2024-2029,3rd Parliamentary Year,"Thursday, 14th May, 2026",975,https://na.gov.pk/uploads/documents/questions/6a05b6b9ac21f_317.pdf
2024-2029,3rd Parliamentary Year,"Wednesday, 13th May, 2026",974,https://na.gov.pk/uploads/documents/questions/6a0472b77d994_622.pdf
2024-2029,3rd Parliamentary Year,"Monday, 11th May, 2026",973,https://na.gov.pk/uploads/documents/questions/6a02cb1602acf_265.pdf
2024-2029,3rd Parliamentary Year,"Monday, 6th April, 2026",971,https://na.gov.pk/uploads/documents/questions/69d49372b9366_556.pdf
2024-2029,3rd Parliamentary Year,"Friday, 3rd April, 2026",970,https://na.gov.pk/uploads/documents/questions/69cfc20b06bbb_246.pdf
2024-2029,3rd Parliamentary Year,"Thursday, 2nd April, 2026",969,https://na.gov.pk/uploads/documents/questions/69ce7f43653a7_383.pdf
2024-2029,3rd Parliamentary Year,"Monday, 30th March, 2026",968,https://na.gov.pk/uploads/documents/questions/69ca769386c6a_162.pdf
2024-2029,3rd Parliamentary Year,"Thursday, 12th March, 2026",967,https://na.gov.pk/uploads/documents/questions/69ba4fc1b626e_831.pdf
2024-2029,3rd Parliamentary Year,"Monday, 9th March, 2026",966,https://na.gov.pk/uploads/documents/questions/69aeb02d8684a_796.pdf
2024-2029,3rd Parliamentary Year,"Friday, 6th March, 2026",965,https://na.gov.pk/uploads/documents/questions/69aa7fbe0c493_745.pdf
2024-2029,3rd Parliamentary Year,"Thursday, 5th March, 2026",964,https://na.gov.pk/uploads/documents/questions/69a9667f97b4f_258.pdf
2024-2029,3rd Parliamentary Year,"Wednesday, 4th March, 2026",963,https://na.gov.pk/uploads/documents/questions/69a80c981b206_605.pdf
2018-2023,1st Parliamentary Year,"Friday, 9th August, 2019",668,https://na.gov.pk/uploads/documents/questions/1565341867_775.pdf
2018-2023,1st Parliamentary Year,"Thursday, 8th August, 2019",667,https://na.gov.pk/uploads/documents/questions/1565256555_655.pdf
2018-2023,1st Parliamentary Year,"Monday, 5th August, 2019",666,https://na.gov.pk/uploads/documents/questions/1565010773_690.pdf
2018-2023,1st Parliamentary Year,"Friday, 2nd August, 2019",665,https://na.gov.pk/uploads/documents/questions/1564729313_470.pdf
2018-2023,1st Parliamentary Year,"Thursday, 1st August, 2019",664,https://na.gov.pk/uploads/documents/questions/1564667456_342.pdf
2018-2023,1st Parliamentary Year,"Friday, 31st May, 2019",663,https://na.gov.pk/uploads/documents/questions/1559291035_297.pdf
2018-2023,1st Parliamentary Year,"Friday, 10th May, 2019",662,https://na.gov.pk/uploads/documents/questions/1557469374_734.pdf
2018-2023,1st Parliamentary Year,"Thursday, 9th May, 2019",661,https://na.gov.pk/uploads/documents/questions/1557400636_744.pdf
2018-2023,1st Parliamentary Year,"Wednesday, 8th May, 2019",660,https://na.gov.pk/uploads/documents/questions/1557300360_858.pdf
2018-2023,1st Parliamentary Year,"Monday, 6th May, 2019",659,https://na.gov.pk/uploads/documents/questions/1557143666_287.pdf
2018-2023,1st Parliamentary Year,"Friday, 3rd May, 2019",658,https://na.gov.pk/uploads/documents/questions/1556875460_671.pdf
2018-2023,1st Parliamentary Year,"Thursday, 2nd May, 2019",657,https://na.gov.pk/uploads/documents/questions/1556787125_804.pdf
2018-2023,1st Parliamentary Year,"Monday, 29th April, 2019",656,https://na.gov.pk/uploads/documents/questions/1556541114_330.pdf
2018-2023,1st Parliamentary Year,"Friday, 26th April, 2019",655,https://na.gov.pk/uploads/documents/questions/1556267929_758.pdf
2018-2023,1st Parliamentary Year,"Thursday, 25th April, 2019",654,https://na.gov.pk/uploads/documents/questions/1556177201_259.pdf
2018-2023,1st Parliamentary Year,"Wednesday, 24th April, 2019",653,https://na.gov.pk/uploads/documents/questions/1556095232_126.pdf
2018-2023,1st Parliamentary Year,"Monday, 22nd April, 2019",652,https://na.gov.pk/uploads/documents/questions/1555939067_235.pdf
2018-2023,1st Parliamentary Year,"Thursday, 21st February, 2019",651,https://na.gov.pk/uploads/documents/questions/1550732759_311.pdf
2018-2023,1st Parliamentary Year,"Wednesday, 20th February, 2019",650,https://na.gov.pk/uploads/documents/questions/1550722725_143.pdf
2018-2023,1st Parliamentary Year,"Monday, 21st January, 2019",649,https://na.gov.pk/uploads/documents/questions/1548071446_692.pdf
2018-2023,1st Parliamentary Year,"Friday, 18th January, 2019",648,https://na.gov.pk/uploads/documents/questions/1547789199_970.PDF
2018-2023,1st Parliamentary Year,"Thursday, 17th January, 2019",647,https://na.gov.pk/uploads/documents/questions/1547704952_835.pdf
2018-2023,1st Parliamentary Year,"Wednesday, 16th January, 2019",645,https://na.gov.pk/uploads/documents/questions/1547616713_227.pdf
2018-2023,1st Parliamentary Year,"Monday, 14th January, 2019",644,https://na.gov.pk/uploads/documents/questions/1547467363_589.pdf
2018-2023,1st Parliamentary Year,"Friday, 21st December, 2018",643,https://na.gov.pk/uploads/documents/questions/1545369568_300.pdf
2018-2023,1st Parliamentary Year,"Thursday, 20th December, 2018",642,https://na.gov.pk/uploads/documents/questions/1545305183_500.pdf
2018-2023,1st Parliamentary Year,"Monday, 17th December, 2018",641,https://na.gov.pk/uploads/documents/questions/1545049367_962.pdf
2018-2023,1st Parliamentary Year,"Friday, 14th December, 2018",640,https://na.gov.pk/uploads/documents/questions/1544772034_533.pdf
2018-2023,1st Parliamentary Year,"Thursday, 13th December, 2018",639,https://na.gov.pk/uploads/documents/questions/1544685334_501.pdf
2018-2023,1st Parliamentary Year,"Wednesday, 12th December, 2018",638,https://na.gov.pk/uploads/documents/questions/1544595632_645.pdf
2018-2023,1st Parliamentary Year,"Monday, 10th December, 2018",637,https://na.gov.pk/uploads/documents/questions/1544442290_776.pdf
2018-2023,1st Parliamentary Year,"Friday, 9th November, 2018",636,https://na.gov.pk/uploads/documents/questions/1541747084_236.pdf
2018-2023,1st Parliamentary Year,"Thursday, 8th November, 2018",635,https://na.gov.pk/uploads/documents/questions/1541674563_427.pdf
2018-2023,1st Parliamentary Year,"Wednesday, 7th November, 2018",634,https://na.gov.pk/uploads/documents/questions/1541575126_398.pdf
2018-2023,1st Parliamentary Year,"Monday, 5th November, 2018",633,https://na.gov.pk/uploads/documents/questions/1541426550_181.pdf
2018-2023,1st Parliamentary Year,"Friday, 2nd November, 2018",632,https://na.gov.pk/uploads/documents/questions/1541138694_363.pdf
2018-2023,1st Parliamentary Year,"Thursday, 1st November, 2018",631,https://na.gov.pk/uploads/documents/questions/1541066163_383.pdf
2018-2023,1st Parliamentary Year,"Wednesday, 31st October, 2018",630,https://na.gov.pk/uploads/documents/questions/1540970438_436.pdf
2018-2023,1st Parliamentary Year,"Monday, 29th October, 2018",628,https://na.gov.pk/uploads/documents/questions/1540817648_643.pdf
2018-2023,1st Parliamentary Year,"Thursday, 27th September, 2018",627,https://na.gov.pk/uploads/documents/questions/1538029757_475.pdf
2018-2023,1st Parliamentary Year,"Monday, 24th September, 2018",626,https://na.gov.pk/uploads/documents/questions/1537790292_438.pdf
2018-2023,2nd Parliamentary Year,"Wednesday, 29th July, 2020",711,https://na.gov.pk/uploads/documents/questions/1596008653_739.pdf
2018-2023,2nd Parliamentary Year,"Monday, 27th July, 2020",710,https://na.gov.pk/uploads/documents/questions/1595852653_898.pdf
2018-2023,2nd Parliamentary Year,"Friday, 24th July, 2020",709,https://na.gov.pk/uploads/documents/questions/1595575792_821.pdf
2018-2023,2nd Parliamentary Year,"Thursday, 23rd July, 2020",708,https://na.gov.pk/uploads/documents/questions/1595492941_452.pdf
2018-2023,2nd Parliamentary Year,"Monday, 20th July, 2020",707,https://na.gov.pk/uploads/documents/questions/1595247902_533.pdf
2018-2023,2nd Parliamentary Year,"Friday, 17th July, 2020",706,https://na.gov.pk/uploads/documents/questions/1594969822_480.pdf
2018-2023,2nd Parliamentary Year,"Thursday, 16th July, 2020",705,https://na.gov.pk/uploads/documents/questions/1594887178_488.pdf
2018-2023,2nd Parliamentary Year,"Monday, 8th June, 2020",704,https://na.gov.pk/uploads/documents/questions/1591619888_551.pdf
2018-2023,2nd Parliamentary Year,"Friday, 5th June, 2020",703,https://na.gov.pk/uploads/documents/questions/1591358034_215.pdf
2018-2023,2nd Parliamentary Year,"Wednesday, 11th March, 2020",701,https://na.gov.pk/uploads/documents/questions/1583917874_412.pdf
2018-2023,2nd Parliamentary Year,"Monday, 9th March, 2020",700,https://na.gov.pk/uploads/documents/questions/1583758680_148.pdf
2018-2023,2nd Parliamentary Year,"Monday, 17th February, 2020",699,https://na.gov.pk/uploads/documents/questions/1581946319_721.pdf
2018-2023,2nd Parliamentary Year,"Friday, 14th February, 2020",698,https://na.gov.pk/uploads/documents/questions/1581676734_471.pdf
2018-2023,2nd Parliamentary Year,"Thursday, 13th February, 2020",697,https://na.gov.pk/uploads/documents/questions/1581587612_683.pdf
2018-2023,2nd Parliamentary Year,"Wednesday, 12th February, 2020",696,https://na.gov.pk/uploads/documents/questions/1581499541_980.pdf
2018-2023,2nd Parliamentary Year,"Monday, 10th February, 2020",695,https://na.gov.pk/uploads/documents/questions/1581340677_288.pdf
2018-2023,2nd Parliamentary Year,"Friday, 7th February, 2020",694,https://na.gov.pk/uploads/documents/questions/1581059324_856.pdf
2018-2023,2nd Parliamentary Year,"Thursday, 6th February, 2020",693,https://na.gov.pk/uploads/documents/questions/1580978967_756.pdf
2018-2023,2nd Parliamentary Year,"Friday, 31st January, 2020",692,https://na.gov.pk/uploads/documents/questions/1580461414_382.pdf
2018-2023,2nd Parliamentary Year,"Wednesday, 15th January, 2020",691,https://na.gov.pk/uploads/documents/questions/1579080270_166.pdf
2018-2023,2nd Parliamentary Year,"Monday, 13th January, 2020",690,https://na.gov.pk/uploads/documents/questions/1578919691_628.pdf
2018-2023,2nd Parliamentary Year,"Thursday, 9th January, 2020",689,https://na.gov.pk/uploads/documents/questions/1578561922_278.pdf
2018-2023,2nd Parliamentary Year,"Wednesday, 8th January, 2020",688,https://na.gov.pk/uploads/documents/questions/1578489477_684.pdf
2018-2023,2nd Parliamentary Year,"Monday, 6th January, 2020",687,https://na.gov.pk/uploads/documents/questions/1578313821_468.pdf
2018-2023,2nd Parliamentary Year,"Thursday, 2nd January, 2020",686,https://na.gov.pk/uploads/documents/questions/1577954659_746.pdf
2018-2023,2nd Parliamentary Year,"Wednesday, 1st January, 2020",685,https://na.gov.pk/uploads/documents/questions/1577884561_452.pdf
2018-2023,2nd Parliamentary Year,"Monday, 16th December, 2019",683,https://na.gov.pk/uploads/documents/questions/1576501024_945.pdf
2018-2023,2nd Parliamentary Year,"Friday, 13th December, 2019",682,https://na.gov.pk/uploads/documents/questions/1576227581_570.pdf
2018-2023,2nd Parliamentary Year,"Monday, 9th December, 2019",681,https://na.gov.pk/uploads/documents/questions/1575890659_562.pdf
2018-2023,2nd Parliamentary Year,"Friday, 6th December, 2019",680,https://na.gov.pk/uploads/documents/questions/1575620772_361.pdf
2018-2023,2nd Parliamentary Year,"Thursday, 5th December, 2019",679,https://na.gov.pk/uploads/documents/questions/1575549691_822.pdf
2018-2023,2nd Parliamentary Year,"Wednesday, 4th December, 2019",678,https://na.gov.pk/uploads/documents/questions/1575463621_435.pdf
2018-2023,2nd Parliamentary Year,"Friday, 15th November, 2019",677,https://na.gov.pk/uploads/documents/questions/1573801366_219.pdf
2018-2023,2nd Parliamentary Year,"Thursday, 14th November, 2019",676,https://na.gov.pk/uploads/documents/questions/1573721536_138.pdf
2018-2023,2nd Parliamentary Year,"Monday, 11th November, 2019",675,https://na.gov.pk/uploads/documents/questions/1573476323_400.pdf
2018-2023,2nd Parliamentary Year,"Friday, 8th November, 2019",674,https://na.gov.pk/uploads/documents/questions/1573204068_232.pdf
2018-2023,2nd Parliamentary Year,"Thursday, 7th November, 2019",673,https://na.gov.pk/uploads/documents/questions/1573127520_241.pdf
2018-2023,2nd Parliamentary Year,"Thursday, 19th September, 2019",672,https://na.gov.pk/uploads/documents/questions/1568882591_730.pdf
2018-2023,2nd Parliamentary Year,"Monday, 16th September, 2019",671,https://na.gov.pk/uploads/documents/questions/1568641357_579.pdf
2018-2023,2nd Parliamentary Year,"Friday, 13th September, 2019",670,https://na.gov.pk/uploads/documents/questions/1568355727_253.pdf
2018-2023,3rd Parliamentary Year,"Thursday, 12th August, 2021",751,https://na.gov.pk/uploads/documents/questions/1628759029_857.pdf
2018-2023,3rd Parliamentary Year,"Wednesday, 11th August, 2021",750,https://na.gov.pk/uploads/documents/questions/1628670059_465.pdf
2018-2023,3rd Parliamentary Year,"Monday, 9th August, 2021",749,https://na.gov.pk/uploads/documents/questions/1628517200_813.pdf
2018-2023,3rd Parliamentary Year,"Friday, 6th August, 2021",748,https://na.gov.pk/uploads/documents/questions/1628232414_191.pdf
2018-2023,3rd Parliamentary Year,"Monday, 2nd August, 2021",747,https://na.gov.pk/uploads/documents/questions/1627910918_560.pdf
2018-2023,3rd Parliamentary Year,"Friday, 30th July, 2021",746,https://na.gov.pk/uploads/documents/questions/1627892743_944.pdf
2018-2023,3rd Parliamentary Year,"Monday, 19th July, 2021",743,https://na.gov.pk/uploads/documents/questions/1626674932_421.pdf
2018-2023,3rd Parliamentary Year,"Friday, 16th July, 2021",742,https://na.gov.pk/uploads/documents/questions/1626428336_841.pdf
2018-2023,3rd Parliamentary Year,"Friday, 28th May, 2021",741,https://na.gov.pk/uploads/documents/questions/1622184982_180.pdf
2018-2023,3rd Parliamentary Year,"Thursday, 27th May, 2021",740,https://na.gov.pk/uploads/documents/questions/1622118376_234.pdf
2018-2023,3rd Parliamentary Year,"Monday, 24th May, 2021",739,https://na.gov.pk/uploads/documents/questions/1621860126_493.pdf
2018-2023,3rd Parliamentary Year,"Friday, 21st May, 2021",738,https://na.gov.pk/uploads/documents/questions/1621586959_906.pdf
2018-2023,3rd Parliamentary Year,"Monday, 17th May, 2021",737,https://na.gov.pk/uploads/documents/questions/1621256797_305.pdf
2018-2023,3rd Parliamentary Year,"Friday, 23rd April, 2021",736,https://na.gov.pk/uploads/documents/questions/1619162654_857.pdf
2018-2023,3rd Parliamentary Year,"Monday, 5th April, 2021",735,https://na.gov.pk/uploads/documents/questions/1617629597_136.pdf
2018-2023,3rd Parliamentary Year,"Friday, 2nd April, 2021",733,https://na.gov.pk/uploads/documents/questions/1617351131_928.pdf
2018-2023,3rd Parliamentary Year,"Thursday, 1st April, 2021",734,https://na.gov.pk/uploads/documents/questions/1619161013_584.pdf
2018-2023,3rd Parliamentary Year,"Monday, 29th March, 2021",732,https://na.gov.pk/uploads/documents/questions/1617021269_887.pdf
2018-2023,3rd Parliamentary Year,"Thursday, 4th March, 2021",731,https://na.gov.pk/uploads/documents/questions/1614840761_956.pdf
2018-2023,3rd Parliamentary Year,"Monday, 1st March, 2021",730,https://na.gov.pk/uploads/documents/questions/1614602575_170.pdf
2018-2023,3rd Parliamentary Year,"Friday, 26th February, 2021",729,https://na.gov.pk/uploads/documents/questions/1614322931_921.pdf
2018-2023,3rd Parliamentary Year,"Monday, 22nd February, 2021",728,https://na.gov.pk/uploads/documents/questions/1613997541_715.pdf
2018-2023,3rd Parliamentary Year,"Thursday, 4th February, 2021",727,https://na.gov.pk/uploads/documents/questions/1612427928_959.pdf
2018-2023,3rd Parliamentary Year,"Wednesday, 3rd February, 2021",726,https://na.gov.pk/uploads/documents/questions/1612347631_322.pdf
2018-2023,3rd Parliamentary Year,"Monday, 1st February, 2021",725,https://na.gov.pk/uploads/documents/questions/1612185739_161.pdf
2018-2023,3rd Parliamentary Year,"Friday, 29th January, 2021",723,https://na.gov.pk/uploads/documents/questions/1611904350_972.pdf
2018-2023,3rd Parliamentary Year,"Monday, 25th January, 2021",722,https://na.gov.pk/uploads/documents/questions/1611579664_870.pdf
2018-2023,3rd Parliamentary Year,"Friday, 22nd January, 2021",721,https://na.gov.pk/uploads/documents/questions/1611296454_403.pdf
2018-2023,3rd Parliamentary Year,"Thursday, 29th October, 2020",720,https://na.gov.pk/uploads/documents/questions/1603961246_509.pdf
2018-2023,3rd Parliamentary Year,"Wednesday, 28th October, 2020",719,https://na.gov.pk/uploads/documents/questions/1603878031_649.pdf
2018-2023,3rd Parliamentary Year,"Monday, 26th October, 2020",718,https://na.gov.pk/uploads/documents/questions/1603720866_665.pdf
2018-2023,3rd Parliamentary Year,"Friday, 23rd October, 2020",717,https://na.gov.pk/uploads/documents/questions/1603435492_235.pdf
2018-2023,3rd Parliamentary Year,"Monday, 19th October, 2020",716,https://na.gov.pk/uploads/documents/questions/1603108402_774.pdf
2018-2023,3rd Parliamentary Year,"Friday, 16th October, 2020",715,https://na.gov.pk/uploads/documents/questions/1602852204_791.pdf
2018-2023,3rd Parliamentary Year,"Thursday, 17th September, 2020",714,https://na.gov.pk/uploads/documents/questions/1600327951_476.pdf
2018-2023,3rd Parliamentary Year,"Wednesday, 16th September, 2020",713,https://na.gov.pk/uploads/documents/questions/1600258112_189.pdf
2018-2023,3rd Parliamentary Year,"Monday, 14th September, 2020",712,https://na.gov.pk/uploads/documents/questions/1600085908_120.pdf
2018-2023,4th Parliamentary Year,"Saturday, 13th August, 2022",798,https://na.gov.pk/uploads/documents/questions/62f9d80f7f63e_819.pdf
2018-2023,4th Parliamentary Year,"Wednesday, 10th August, 2022",797,https://na.gov.pk/uploads/documents/questions/62f4cce62e6b9_556.pdf
2018-2023,4th Parliamentary Year,"Wednesday, 3rd August, 2022",796,https://na.gov.pk/uploads/documents/questions/62ea360b582d5_849.pdf
2018-2023,4th Parliamentary Year,"Monday, 1st August, 2022",795,https://na.gov.pk/uploads/documents/questions/62e7d560e78fe_244.pdf
2018-2023,4th Parliamentary Year,"Friday, 29th July, 2022",794,https://na.gov.pk/uploads/documents/questions/62e3b830aad4e_208.pdf
2018-2023,4th Parliamentary Year,"Thursday, 28th July, 2022",793,https://na.gov.pk/uploads/documents/questions/62e28509a5fe5_534.pdf
2018-2023,4th Parliamentary Year,"Wednesday, 27th July, 2022",792,https://na.gov.pk/uploads/documents/questions/62e14013eb577_765.pdf
2018-2023,4th Parliamentary Year,"Friday, 27th May, 2022",790,https://na.gov.pk/uploads/documents/questions/629090e749e22_831.pdf
2018-2023,4th Parliamentary Year,"Thursday, 26th May, 2022",791,https://na.gov.pk/uploads/documents/questions/629090c05615a_261.pdf
2018-2023,4th Parliamentary Year,"Wednesday, 25th May, 2022",789,https://na.gov.pk/uploads/documents/questions/628e28f9166ff_919.pdf
2018-2023,4th Parliamentary Year,"Monday, 23rd May, 2022",788,https://na.gov.pk/uploads/documents/questions/628c694121ba5_451.pdf
2018-2023,4th Parliamentary Year,"Friday, 20th May, 2022",787,https://na.gov.pk/uploads/documents/questions/628756ac4eaa5_955.pdf
2018-2023,4th Parliamentary Year,"Monday, 16th May, 2022",786,https://na.gov.pk/uploads/documents/questions/6282557217063_302.pdf
2018-2023,4th Parliamentary Year,"Friday, 13th May, 2022",785,https://na.gov.pk/uploads/documents/questions/627e1924a0929_921.pdf
2018-2023,4th Parliamentary Year,"Thursday, 12th May, 2022",784,https://na.gov.pk/uploads/documents/questions/627cc74474e15_516.pdf
2018-2023,4th Parliamentary Year,"Wednesday, 11th May, 2022",783,https://na.gov.pk/uploads/documents/questions/627b7d207f298_810.pdf
2018-2023,4th Parliamentary Year,"Monday, 9th May, 2022",782,https://na.gov.pk/uploads/documents/questions/62791b8300e47_557.pdf
2018-2023,4th Parliamentary Year,"Saturday, 9th April, 2022",781,https://na.gov.pk/uploads/documents/questions/6253cde4df74f_657.pdf
2018-2023,4th Parliamentary Year,"Sunday, 3rd April, 2022",780,https://na.gov.pk/uploads/documents/questions/624d28a6b3d34_885.pdf
2018-2023,4th Parliamentary Year,"Thursday, 31st March, 2022",779,https://na.gov.pk/uploads/documents/questions/624695ff28817_484.pdf
2018-2023,4th Parliamentary Year,"Monday, 28th March, 2022",778,https://na.gov.pk/uploads/documents/questions/624400786dc40_177.pdf
2018-2023,4th Parliamentary Year,"Friday, 25th March, 2022",777,https://na.gov.pk/uploads/documents/questions/6244006166f74_438.pdf
2018-2023,4th Parliamentary Year,"Friday, 21st January, 2022",776,https://na.gov.pk/uploads/documents/questions/61ea751325655_301.pdf
2018-2023,4th Parliamentary Year,"Wednesday, 19th January, 2022",775,https://na.gov.pk/uploads/documents/questions/61e8f1b16f073_244.pdf
2018-2023,4th Parliamentary Year,"Monday, 17th January, 2022",774,https://na.gov.pk/uploads/documents/questions/61e582584ab32_831.pdf
2018-2023,4th Parliamentary Year,"Friday, 31st December, 2021",773,https://na.gov.pk/uploads/documents/questions/61d7cf61cb4f2_974.pdf
2018-2023,4th Parliamentary Year,"Thursday, 30th December, 2021",772,https://na.gov.pk/uploads/documents/questions/61cdaf24e0397_299.pdf
2018-2023,4th Parliamentary Year,"Wednesday, 29th December, 2021",771,https://na.gov.pk/uploads/documents/questions/61cc535b95373_173.pdf
2018-2023,4th Parliamentary Year,"Monday, 27th December, 2021",770,https://na.gov.pk/uploads/documents/questions/61c9d4bddc58b_620.pdf
2018-2023,4th Parliamentary Year,"Friday, 24th December, 2021",769,https://na.gov.pk/uploads/documents/questions/61c94f1c2ae9e_585.pdf
2018-2023,4th Parliamentary Year,"Wednesday, 22nd December, 2021",768,https://na.gov.pk/uploads/documents/questions/61c31f2c92d03_385.pdf
2018-2023,4th Parliamentary Year,"Friday, 19th November, 2021",767,https://na.gov.pk/uploads/documents/questions/1637303598_267.pdf
2018-2023,4th Parliamentary Year,"Monday, 15th November, 2021",766,https://na.gov.pk/uploads/documents/questions/61a5fc6726f55_324.pdf
2018-2023,4th Parliamentary Year,"Friday, 12th November, 2021",765,https://na.gov.pk/uploads/documents/questions/1636714177_335.pdf
2018-2023,4th Parliamentary Year,"Wednesday, 10th November, 2021",764,https://na.gov.pk/uploads/documents/questions/1636534047_564.pdf
2018-2023,4th Parliamentary Year,"Monday, 8th November, 2021",763,https://na.gov.pk/uploads/documents/questions/1636444100_554.pdf
2018-2023,4th Parliamentary Year,"Friday, 22nd October, 2021",762,https://na.gov.pk/uploads/documents/questions/1634890580_696.pdf
2018-2023,4th Parliamentary Year,"Thursday, 21st October, 2021",761,https://na.gov.pk/uploads/documents/questions/1634876555_730.pdf
2018-2023,4th Parliamentary Year,"Wednesday, 20th October, 2021",760,https://na.gov.pk/uploads/documents/questions/1634735739_172.pdf
2018-2023,4th Parliamentary Year,"Monday, 18th October, 2021",759,https://na.gov.pk/uploads/documents/questions/1634703599_807.pdf
2018-2023,4th Parliamentary Year,"Friday, 1st October, 2021",758,https://na.gov.pk/uploads/documents/questions/1633076096_303.pdf
2018-2023,4th Parliamentary Year,"Wednesday, 29th September, 2021",757,https://na.gov.pk/uploads/documents/questions/1632919957_829.pdf
2018-2023,4th Parliamentary Year,"Monday, 27th September, 2021",756,https://na.gov.pk/uploads/documents/questions/1632748760_999.pdf
2018-2023,4th Parliamentary Year,"Friday, 24th September, 2021",755,https://na.gov.pk/uploads/documents/questions/1632464633_477.pdf
2018-2023,4th Parliamentary Year,"Wednesday, 22nd September, 2021",754,https://na.gov.pk/uploads/documents/questions/1632313436_157.pdf
2018-2023,4th Parliamentary Year,"Monday, 20th September, 2021",753,https://na.gov.pk/uploads/documents/questions/1632144496_701.pdf
2018-2023,4th Parliamentary Year,"Friday, 17th September, 2021",752,https://na.gov.pk/uploads/documents/questions/1631866875_995.pdf
2018-2023,5th Parliamentary Year,"Wednesday, 9th August, 2023",855,https://na.gov.pk/uploads/documents/questions/64d61f676feb7_321.pdf
2018-2023,5th Parliamentary Year,"Monday, 7th August, 2023",854,https://na.gov.pk/uploads/documents/questions/64d0fdcfab118_370.pdf
2018-2023,5th Parliamentary Year,"Friday, 4th August, 2023",853,https://na.gov.pk/uploads/documents/questions/64ccc3b97a833_694.pdf
2018-2023,5th Parliamentary Year,"Wednesday, 2nd August, 2023",852,https://na.gov.pk/uploads/documents/questions/64ca21129975c_765.pdf
2018-2023,5th Parliamentary Year,"Monday, 31st July, 2023",851,https://na.gov.pk/uploads/documents/questions/64c7bc635a0a3_823.pdf
2018-2023,5th Parliamentary Year,"Monday, 24th July, 2023",850,https://na.gov.pk/uploads/documents/questions/64be8b5f69e87_883.pdf
2018-2023,5th Parliamentary Year,"Friday, 21st July, 2023",849,https://na.gov.pk/uploads/documents/questions/64ba6ef5cc957_395.pdf
2018-2023,5th Parliamentary Year,"Thursday, 20th July, 2023",848,https://na.gov.pk/uploads/documents/questions/64b94918cfe02_781.pdf
2018-2023,5th Parliamentary Year,"Wednesday, 31st May, 2023",847,https://na.gov.pk/uploads/documents/questions/647715cc0187f_827.pdf
2018-2023,5th Parliamentary Year,"Wednesday, 24th May, 2023",846,https://na.gov.pk/uploads/documents/questions/646de3b74c1a6_735.pdf
2018-2023,5th Parliamentary Year,"Monday, 22nd May, 2023",845,https://na.gov.pk/uploads/documents/questions/646b5ad1b5c27_250.pdf
2018-2023,5th Parliamentary Year,"Monday, 15th May, 2023",844,https://na.gov.pk/uploads/documents/questions/646205b7c8d5e_346.pdf
2018-2023,5th Parliamentary Year,"Monday, 8th May, 2023",843,https://na.gov.pk/uploads/documents/questions/6459c8612a00c_558.pdf
2018-2023,5th Parliamentary Year,"Thursday, 4th May, 2023",842,https://na.gov.pk/uploads/documents/questions/645359e92d054_230.pdf
2018-2023,5th Parliamentary Year,"Wednesday, 3rd May, 2023",841,https://na.gov.pk/uploads/documents/questions/645254f83b456_466.pdf
2018-2023,5th Parliamentary Year,"Friday, 28th April, 2023",840,https://na.gov.pk/uploads/documents/questions/644b8a3af1159_365.pdf
2018-2023,5th Parliamentary Year,"Thursday, 27th April, 2023",839,https://na.gov.pk/uploads/documents/questions/644a5bd7289eb_750.pdf
2018-2023,5th Parliamentary Year,"Wednesday, 19th April, 2023",837,https://na.gov.pk/uploads/documents/questions/6440c3d45d68f_547.pdf
2018-2023,5th Parliamentary Year,"Monday, 17th April, 2023",835,https://na.gov.pk/uploads/documents/questions/643e1f8826001_476.pdf
2018-2023,5th Parliamentary Year,"Thursday, 13th April, 2023",834,https://na.gov.pk/uploads/documents/questions/6438e52c3d0a6_229.pdf
2018-2023,5th Parliamentary Year,"Monday, 10th April, 2023",833,https://na.gov.pk/uploads/documents/questions/6433c0ab7bd5e_588.pdf
2018-2023,5th Parliamentary Year,"Friday, 7th April, 2023",832,https://na.gov.pk/uploads/documents/questions/642fcbba2d518_424.pdf
2018-2023,5th Parliamentary Year,"Thursday, 6th April, 2023",831,https://na.gov.pk/uploads/documents/questions/642e77bb6646b_806.pdf
2018-2023,5th Parliamentary Year,"Wednesday, 5th April, 2023",830,https://na.gov.pk/uploads/documents/questions/642d26d720755_869.pdf
2018-2023,5th Parliamentary Year,"Monday, 3rd April, 2023",829,https://na.gov.pk/uploads/documents/questions/642ba1d7d1273_428.pdf
2018-2023,5th Parliamentary Year,"Friday, 31st March, 2023",828,https://na.gov.pk/uploads/documents/questions/6426916a370b3_793.pdf
2018-2023,5th Parliamentary Year,"Thursday, 30th March, 2023",827,https://na.gov.pk/uploads/documents/questions/64254054d2066_201.pdf
2018-2023,5th Parliamentary Year,"Wednesday, 29th March, 2023",826,https://na.gov.pk/uploads/documents/questions/64250d5134784_970.pdf
2018-2023,5th Parliamentary Year,"Monday, 27th March, 2023",825,https://na.gov.pk/uploads/documents/questions/6421556b1616d_302.pdf
2018-2023,5th Parliamentary Year,"Monday, 27th February, 2023",824,https://na.gov.pk/uploads/documents/questions/63fcb3c9c7732_329.pdf
2018-2023,5th Parliamentary Year,"Wednesday, 1st February, 2023",823,https://na.gov.pk/uploads/documents/questions/63db4e02641f2_402.pdf
2018-2023,5th Parliamentary Year,"Monday, 16th January, 2023",822,https://na.gov.pk/uploads/documents/questions/63c54747d90c6_487.pdf
2018-2023,5th Parliamentary Year,"Monday, 12th December, 2022",820,https://na.gov.pk/uploads/documents/questions/63981039e0ffe_717.pdf
2018-2023,5th Parliamentary Year,"Friday, 2nd December, 2022",819,https://na.gov.pk/uploads/documents/questions/6389bacc7b50d_816.pdf
2018-2023,5th Parliamentary Year,"Thursday, 1st December, 2022",818,https://na.gov.pk/uploads/documents/questions/63898b1c1c707_481.pdf
2018-2023,5th Parliamentary Year,"Friday, 25th November, 2022",817,https://na.gov.pk/uploads/documents/questions/63807c2028c60_204.pdf
2018-2023,5th Parliamentary Year,"Thursday, 24th November, 2022",816,https://na.gov.pk/uploads/documents/questions/63804f4699da5_773.pdf
2018-2023,5th Parliamentary Year,"Monday, 21st November, 2022",815,https://na.gov.pk/uploads/documents/questions/637da9650da0d_427.pdf
2018-2023,5th Parliamentary Year,"Friday, 18th November, 2022",814,https://na.gov.pk/uploads/documents/questions/637750273e04a_217.pdf
2018-2023,5th Parliamentary Year,"Thursday, 17th November, 2022",813,https://na.gov.pk/uploads/documents/questions/63771ea3f2ac1_989.pdf
2018-2023,5th Parliamentary Year,"Monday, 14th November, 2022",811,https://na.gov.pk/uploads/documents/questions/63724e5d0b1fd_227.pdf
2018-2023,5th Parliamentary Year,"Friday, 11th November, 2022",810,https://na.gov.pk/uploads/documents/questions/636e125d50d18_123.pdf
2018-2023,5th Parliamentary Year,"Thursday, 10th November, 2022",809,https://na.gov.pk/uploads/documents/questions/636de44818eed_994.pdf
2018-2023,5th Parliamentary Year,"Monday, 24th October, 2022",808,https://na.gov.pk/uploads/documents/questions/63576ff86cc97_722.pdf
2018-2023,5th Parliamentary Year,"Friday, 21st October, 2022",821,https://na.gov.pk/uploads/documents/questions/63a938aabfcbb_968.pdf
2018-2023,5th Parliamentary Year,"Thursday, 20th October, 2022",807,https://na.gov.pk/uploads/documents/questions/63510ffbf2554_584.pdf
2018-2023,5th Parliamentary Year,"Wednesday, 19th October, 2022",806,https://na.gov.pk/uploads/documents/questions/634fa969c6bfd_979.pdf
2018-2023,5th Parliamentary Year,"Monday, 17th October, 2022",805,https://na.gov.pk/uploads/documents/questions/634e68e3a82ce_759.pdf
2018-2023,5th Parliamentary Year,"Friday, 14th October, 2022",804,https://na.gov.pk/uploads/documents/questions/634907208ec16_431.pdf
2018-2023,5th Parliamentary Year,"Thursday, 13th October, 2022",803,https://na.gov.pk/uploads/documents/questions/6347e1def1809_765.pdf
2018-2023,5th Parliamentary Year,"Wednesday, 12th October, 2022",802,https://na.gov.pk/uploads/documents/questions/6346b43a53e91_590.pdf
2018-2023,5th Parliamentary Year,"Monday, 10th October, 2022",801,https://na.gov.pk/uploads/documents/questions/634516a442af4_718.pdf
2018-2023,5th Parliamentary Year,"Friday, 7th October, 2022",799,https://na.gov.pk/uploads/documents/questions/633fefef4d13a_786.pdf
2013-2018,1st Parliamentary Year,"Thursday, 15th May, 2014",388,https://na.gov.pk/uploads/documents/questions/1400139791_918.pdf
2013-2018,1st Parliamentary Year,"Wednesday, 14th May, 2014",387,https://na.gov.pk/uploads/documents/questions/1400051448_854.pdf
2013-2018,1st Parliamentary Year,"Monday, 12th May, 2014",386,https://na.gov.pk/uploads/documents/questions/1399909776_187.pdf
2013-2018,1st Parliamentary Year,"Friday, 9th May, 2014",385,https://na.gov.pk/uploads/documents/questions/1399618487_151.pdf
2013-2018,1st Parliamentary Year,"Thursday, 8th May, 2014",384,https://na.gov.pk/uploads/documents/questions/1399535751_223.pdf
2013-2018,1st Parliamentary Year,"Wednesday, 7th May, 2014",383,https://na.gov.pk/uploads/documents/questions/1399447232_684.pdf
2013-2018,1st Parliamentary Year,"Monday, 5th May, 2014",382,https://na.gov.pk/uploads/documents/questions/1399298492_123.pdf
2013-2018,1st Parliamentary Year,"Monday, 7th April, 2014",380,https://na.gov.pk/uploads/documents/questions/1396877142_978.pdf
2013-2018,1st Parliamentary Year,"Friday, 4th April, 2014",379,https://na.gov.pk/uploads/documents/questions/1396596641_634.pdf
2013-2018,1st Parliamentary Year,"Wednesday, 2nd April, 2014",381,https://na.gov.pk/uploads/documents/questions/1396938365_542.pdf
2013-2018,1st Parliamentary Year,"Monday, 31st March, 2014",377,https://na.gov.pk/uploads/documents/questions/1396276437_236.pdf
2013-2018,1st Parliamentary Year,"Friday, 28th March, 2014",376,https://na.gov.pk/uploads/documents/questions/1395991323_507.pdf
2013-2018,1st Parliamentary Year,"Thursday, 27th March, 2014",375,https://na.gov.pk/uploads/documents/questions/1395904798_805.pdf
2013-2018,1st Parliamentary Year,"Wednesday, 26th March, 2014",374,https://na.gov.pk/uploads/documents/questions/1395824189_814.pdf
2013-2018,1st Parliamentary Year,"Monday, 24th March, 2014",373,https://na.gov.pk/uploads/documents/questions/1395670485_531.pdf
2013-2018,1st Parliamentary Year,"Friday, 7th March, 2014",371,https://na.gov.pk/uploads/documents/questions/1394176117_165.pdf
2013-2018,1st Parliamentary Year,"Wednesday, 5th March, 2014",370,https://na.gov.pk/uploads/documents/questions/1394004360_832.pdf
2013-2018,1st Parliamentary Year,"Monday, 3rd March, 2014",369,https://na.gov.pk/uploads/documents/questions/1393854017_166.pdf
2013-2018,1st Parliamentary Year,"Friday, 28th February, 2014",368,https://na.gov.pk/uploads/documents/questions/1393572765_914.pdf
2013-2018,1st Parliamentary Year,"Thursday, 27th February, 2014",367,https://na.gov.pk/uploads/documents/questions/1393488743_489.pdf
2013-2018,1st Parliamentary Year,"Wednesday, 26th February, 2014",366,https://na.gov.pk/uploads/documents/questions/1393406512_833.pdf
2013-2018,1st Parliamentary Year,"Wednesday, 26th February, 2014",372,https://na.gov.pk/uploads/documents/questions/1395048399_841.pdf
2013-2018,1st Parliamentary Year,"Monday, 24th February, 2014",365,https://na.gov.pk/uploads/documents/questions/1393250570_955.pdf
2013-2018,1st Parliamentary Year,"Friday, 7th February, 2014",364,https://na.gov.pk/uploads/documents/questions/1391761365_371.pdf
2013-2018,1st Parliamentary Year,"Thursday, 6th February, 2014",363,https://na.gov.pk/uploads/documents/questions/1391692330_372.pdf
2013-2018,1st Parliamentary Year,"Monday, 3rd February, 2014",362,https://na.gov.pk/uploads/documents/questions/1391434424_154.pdf
2013-2018,1st Parliamentary Year,"Friday, 31st January, 2014",361,https://na.gov.pk/uploads/documents/questions/1391156795_535.pdf
2013-2018,1st Parliamentary Year,"Thursday, 30th January, 2014",360,https://na.gov.pk/uploads/documents/questions/1391070579_888.pdf
2013-2018,1st Parliamentary Year,"Wednesday, 29th January, 2014",359,https://na.gov.pk/uploads/documents/questions/1390996274_424.pdf
2013-2018,1st Parliamentary Year,"Monday, 27th January, 2014",358,https://na.gov.pk/uploads/documents/questions/1390831854_282.pdf
2013-2018,1st Parliamentary Year,"Friday, 20th December, 2013",355,https://na.gov.pk/uploads/documents/questions/1387528348_534.pdf
2013-2018,1st Parliamentary Year,"Thursday, 19th December, 2013",356,https://na.gov.pk/uploads/documents/questions/1388128305_885.pdf
2013-2018,1st Parliamentary Year,"Thursday, 19th December, 2013",357,https://na.gov.pk/uploads/documents/questions/1388128308_707.pdf
2013-2018,1st Parliamentary Year,"Wednesday, 18th December, 2013",354,https://na.gov.pk/uploads/documents/questions/1387355005_137.pdf
2013-2018,1st Parliamentary Year,"Monday, 16th December, 2013",353,https://na.gov.pk/uploads/documents/questions/1387200677_634.pdf
2013-2018,1st Parliamentary Year,"Friday, 13th December, 2013",352,https://na.gov.pk/uploads/documents/questions/1386918373_726.pdf
2013-2018,1st Parliamentary Year,"Thursday, 12th December, 2013",351,https://na.gov.pk/uploads/documents/questions/1386834162_944.pdf
2013-2018,1st Parliamentary Year,"Wednesday, 11th December, 2013",350,https://na.gov.pk/uploads/documents/questions/1386747177_339.pdf
2013-2018,1st Parliamentary Year,"Monday, 9th December, 2013",349,https://na.gov.pk/uploads/documents/questions/1386597108_435.pdf
2013-2018,1st Parliamentary Year,"Friday, 6th December, 2013",348,https://na.gov.pk/uploads/documents/questions/1386325790_989.pdf
2013-2018,1st Parliamentary Year,"Thursday, 5th December, 2013",347,https://na.gov.pk/uploads/documents/questions/1386253007_232.pdf
2013-2018,1st Parliamentary Year,"Wednesday, 6th November, 2013",346,https://na.gov.pk/uploads/documents/questions/1383730149_407.pdf
2013-2018,1st Parliamentary Year,"Monday, 4th November, 2013",345,https://na.gov.pk/uploads/documents/questions/1383574912_166.pdf
2013-2018,1st Parliamentary Year,"Friday, 27th September, 2013",344,https://na.gov.pk/uploads/documents/questions/1380265407_732.pdf
2013-2018,1st Parliamentary Year,"Thursday, 26th September, 2013",343,https://na.gov.pk/uploads/documents/questions/1380181283_451.pdf
2013-2018,1st Parliamentary Year,"Wednesday, 25th September, 2013",342,https://na.gov.pk/uploads/documents/questions/1380093302_962.pdf
2013-2018,1st Parliamentary Year,"Monday, 23rd September, 2013",340,https://na.gov.pk/uploads/documents/questions/1379943668_687.pdf
2013-2018,1st Parliamentary Year,"Monday, 23rd September, 2013",341,https://na.gov.pk/uploads/documents/questions/1379943723_623.pdf
2013-2018,1st Parliamentary Year,"Friday, 20th September, 2013",339,https://na.gov.pk/uploads/documents/questions/1379661685_826.pdf
2013-2018,1st Parliamentary Year,"Thursday, 19th September, 2013",338,https://na.gov.pk/uploads/documents/questions/1379574425_471.pdf
2013-2018,1st Parliamentary Year,"Wednesday, 18th September, 2013",337,https://na.gov.pk/uploads/documents/questions/1379490290_831.pdf
2013-2018,1st Parliamentary Year,"Monday, 16th September, 2013",336,https://na.gov.pk/uploads/documents/questions/1379336124_247.pdf
2013-2018,1st Parliamentary Year,"Friday, 30th August, 2013",335,https://na.gov.pk/uploads/documents/questions/1377852056_243.pdf
2013-2018,1st Parliamentary Year,"Thursday, 29th August, 2013",334,https://na.gov.pk/uploads/documents/questions/1377760948_354.pdf
2013-2018,1st Parliamentary Year,"Wednesday, 28th August, 2013",333,https://na.gov.pk/uploads/documents/questions/1377696797_669.pdf
2013-2018,1st Parliamentary Year,"Monday, 26th August, 2013",332,https://na.gov.pk/uploads/documents/questions/1377522441_451.pdf
2013-2018,1st Parliamentary Year,"Friday, 23rd August, 2013",331,https://na.gov.pk/uploads/documents/questions/1377242335_728.pdf
2013-2018,1st Parliamentary Year,"Thursday, 22nd August, 2013",329,https://na.gov.pk/uploads/documents/questions/1377155531_885.pdf
2013-2018,1st Parliamentary Year,"Thursday, 22nd August, 2013",330,https://na.gov.pk/uploads/documents/questions/1377155595_862.pdf
2013-2018,1st Parliamentary Year,"Wednesday, 21st August, 2013",328,https://na.gov.pk/uploads/documents/questions/1377069642_755.pdf
2013-2018,1st Parliamentary Year,"Monday, 19th August, 2013",327,https://na.gov.pk/uploads/documents/questions/1376918413_363.pdf
2013-2018,1st Parliamentary Year,"Friday, 16th August, 2013",326,https://na.gov.pk/uploads/documents/questions/1376636593_448.pdf
2013-2018,1st Parliamentary Year,"Thursday, 15th August, 2013",323,https://na.gov.pk/uploads/documents/questions/1376552662_137.pdf
2013-2018,1st Parliamentary Year,"Thursday, 15th August, 2013",324,https://na.gov.pk/uploads/documents/questions/1376552875_554.pdf
2013-2018,1st Parliamentary Year,"Thursday, 15th August, 2013",325,https://na.gov.pk/uploads/documents/questions/1376552933_411.pdf
2013-2018,1st Parliamentary Year,"Monday, 29th July, 2013",322,https://na.gov.pk/uploads/documents/questions/1375102245_340.pdf
2013-2018,2nd Parliamentary Year,"Monday, 18th May, 2015",443,https://na.gov.pk/uploads/documents/questions/1431950355_657.pdf
2013-2018,2nd Parliamentary Year,"Wednesday, 29th April, 2015",442,https://na.gov.pk/uploads/documents/questions/1430292532_879.pdf
2013-2018,2nd Parliamentary Year,"Monday, 27th April, 2015",441,https://na.gov.pk/uploads/documents/questions/1430139209_976.pdf
2013-2018,2nd Parliamentary Year,"Friday, 24th April, 2015",440,https://na.gov.pk/uploads/documents/questions/1429860487_896.pdf
2013-2018,2nd Parliamentary Year,"Thursday, 23rd April, 2015",439,https://na.gov.pk/uploads/documents/questions/1429772189_209.pdf
2013-2018,2nd Parliamentary Year,"Wednesday, 22nd April, 2015",438,https://na.gov.pk/uploads/documents/questions/1429696601_721.pdf
2013-2018,2nd Parliamentary Year,"Monday, 20th April, 2015",437,https://na.gov.pk/uploads/documents/questions/1429533691_822.pdf
2013-2018,2nd Parliamentary Year,"Friday, 27th March, 2015",436,https://na.gov.pk/uploads/documents/questions/1427438676_708.pdf
2013-2018,2nd Parliamentary Year,"Thursday, 26th March, 2015",435,https://na.gov.pk/uploads/documents/questions/1427356040_296.pdf
2013-2018,2nd Parliamentary Year,"Wednesday, 25th March, 2015",434,https://na.gov.pk/uploads/documents/questions/1427268875_977.pdf
2013-2018,2nd Parliamentary Year,"Friday, 20th March, 2015",433,https://na.gov.pk/uploads/documents/questions/1426835331_229.pdf
2013-2018,2nd Parliamentary Year,"Thursday, 19th March, 2015",432,https://na.gov.pk/uploads/documents/questions/1426751410_465.pdf
2013-2018,2nd Parliamentary Year,"Wednesday, 18th March, 2015",431,https://na.gov.pk/uploads/documents/questions/1426673726_762.pdf
2013-2018,2nd Parliamentary Year,"Monday, 16th March, 2015",430,https://na.gov.pk/uploads/documents/questions/1426514147_769.pdf
2013-2018,2nd Parliamentary Year,"Wednesday, 4th March, 2015",429,https://na.gov.pk/uploads/documents/questions/1425477867_238.pdf
2013-2018,2nd Parliamentary Year,"Friday, 13th February, 2015",428,https://na.gov.pk/uploads/documents/questions/1423813150_256.pdf
2013-2018,2nd Parliamentary Year,"Thursday, 12th February, 2015",427,https://na.gov.pk/uploads/documents/questions/1423727252_889.pdf
2013-2018,2nd Parliamentary Year,"Wednesday, 11th February, 2015",426,https://na.gov.pk/uploads/documents/questions/1423644579_298.pdf
2013-2018,2nd Parliamentary Year,"Monday, 9th February, 2015",425,https://na.gov.pk/uploads/documents/questions/1423489854_383.pdf
2013-2018,2nd Parliamentary Year,"Friday, 6th February, 2015",424,https://na.gov.pk/uploads/documents/questions/1423207602_431.pdf
2013-2018,2nd Parliamentary Year,"Wednesday, 4th February, 2015",423,https://na.gov.pk/uploads/documents/questions/1423035734_241.pdf
2013-2018,2nd Parliamentary Year,"Monday, 2nd February, 2015",422,https://na.gov.pk/uploads/documents/questions/1422881104_464.pdf
2013-2018,2nd Parliamentary Year,"Friday, 16th January, 2015",421,https://na.gov.pk/uploads/documents/questions/1421392707_254.pdf
2013-2018,2nd Parliamentary Year,"Thursday, 15th January, 2015",419,https://na.gov.pk/uploads/documents/questions/1421308772_301.pdf
2013-2018,2nd Parliamentary Year,"Thursday, 15th January, 2015",420,https://na.gov.pk/uploads/documents/questions/1421308997_266.pdf
2013-2018,2nd Parliamentary Year,"Wednesday, 14th January, 2015",418,https://na.gov.pk/uploads/documents/questions/1421226441_341.pdf
2013-2018,2nd Parliamentary Year,"Monday, 12th January, 2015",417,https://na.gov.pk/uploads/documents/questions/1421070881_526.pdf
2013-2018,2nd Parliamentary Year,"Friday, 9th January, 2015",416,https://na.gov.pk/uploads/documents/questions/1420788172_895.pdf
2013-2018,2nd Parliamentary Year,"Thursday, 8th January, 2015",415,https://na.gov.pk/uploads/documents/questions/1420704346_148.pdf
2013-2018,2nd Parliamentary Year,"Wednesday, 7th January, 2015",414,https://na.gov.pk/uploads/documents/questions/1420620236_714.pdf
2013-2018,2nd Parliamentary Year,"Thursday, 1st January, 2015",413,https://na.gov.pk/uploads/documents/questions/1420113980_232.pdf
2013-2018,2nd Parliamentary Year,"Monday, 8th December, 2014",412,https://na.gov.pk/uploads/documents/questions/1418044927_336.pdf
2013-2018,2nd Parliamentary Year,"Friday, 5th December, 2014",411,https://na.gov.pk/uploads/documents/questions/1417766097_382.pdf
2013-2018,2nd Parliamentary Year,"Thursday, 4th December, 2014",410,https://na.gov.pk/uploads/documents/questions/1417679177_716.pdf
2013-2018,2nd Parliamentary Year,"Wednesday, 3rd December, 2014",409,https://na.gov.pk/uploads/documents/questions/1417612713_535.pdf
2013-2018,2nd Parliamentary Year,"Monday, 1st December, 2014",408,https://na.gov.pk/uploads/documents/questions/1417439729_866.pdf
2013-2018,2nd Parliamentary Year,"Friday, 28th November, 2014",407,https://na.gov.pk/uploads/documents/questions/1417160047_710.pdf
2013-2018,2nd Parliamentary Year,"Thursday, 27th November, 2014",406,https://na.gov.pk/uploads/documents/questions/1417075119_304.pdf
2013-2018,2nd Parliamentary Year,"Wednesday, 26th November, 2014",405,https://na.gov.pk/uploads/documents/questions/1417012395_179.pdf
2013-2018,2nd Parliamentary Year,"Friday, 31st October, 2014",404,https://na.gov.pk/uploads/documents/questions/1414740522_967.pdf
2013-2018,2nd Parliamentary Year,"Thursday, 30th October, 2014",403,https://na.gov.pk/uploads/documents/questions/1414655739_617.pdf
2013-2018,2nd Parliamentary Year,"Wednesday, 29th October, 2014",402,https://na.gov.pk/uploads/documents/questions/1414572061_844.pdf
2013-2018,2nd Parliamentary Year,"Monday, 27th October, 2014",401,https://na.gov.pk/uploads/documents/questions/1414418379_380.pdf
2013-2018,2nd Parliamentary Year,"Thursday, 23rd October, 2014",400,https://na.gov.pk/uploads/documents/questions/1414054069_768.pdf
2013-2018,2nd Parliamentary Year,"Wednesday, 22nd October, 2014",398,https://na.gov.pk/uploads/documents/questions/1413968026_218.pdf
2013-2018,2nd Parliamentary Year,"Monday, 20th October, 2014",397,https://na.gov.pk/uploads/documents/questions/1413811795_404.pdf
2013-2018,2nd Parliamentary Year,"Monday, 18th August, 2014",396,https://na.gov.pk/uploads/documents/questions/1408371205_618.pdf
2013-2018,2nd Parliamentary Year,"Monday, 11th August, 2014",395,https://na.gov.pk/uploads/documents/questions/1407766937_530.pdf
2013-2018,2nd Parliamentary Year,"Friday, 8th August, 2014",394,https://na.gov.pk/uploads/documents/questions/1407483657_247.pdf
2013-2018,2nd Parliamentary Year,"Thursday, 7th August, 2014",393,https://na.gov.pk/uploads/documents/questions/1407398973_663.pdf
2013-2018,2nd Parliamentary Year,"Wednesday, 6th August, 2014",392,https://na.gov.pk/uploads/documents/questions/1407309669_598.pdf
2013-2018,2nd Parliamentary Year,"Monday, 4th August, 2014",391,https://na.gov.pk/uploads/documents/questions/1407160619_854.pdf
2013-2018,2nd Parliamentary Year,"Wednesday, 2nd July, 2014",390,https://na.gov.pk/uploads/documents/questions/1404285961_883.pdf
2013-2018,2nd Parliamentary Year,"Friday, 6th June, 2014",389,https://na.gov.pk/uploads/documents/questions/1402039210_237.pdf
2013-2018,3rd Parliamentary Year,"Friday, 20th May, 2016",507,https://na.gov.pk/uploads/documents/questions/1463761102_693.pdf
2013-2018,3rd Parliamentary Year,"Thursday, 19th May, 2016",506,https://na.gov.pk/uploads/documents/questions/1463640448_148.pdf
2013-2018,3rd Parliamentary Year,"Wednesday, 18th May, 2016",505,https://na.gov.pk/uploads/documents/questions/1463552506_372.pdf
2013-2018,3rd Parliamentary Year,"Monday, 16th May, 2016",504,https://na.gov.pk/uploads/documents/questions/1463404230_973.pdf
2013-2018,3rd Parliamentary Year,"Friday, 13th May, 2016",503,https://na.gov.pk/uploads/documents/questions/1463121909_132.pdf
2013-2018,3rd Parliamentary Year,"Thursday, 12th May, 2016",502,https://na.gov.pk/uploads/documents/questions/1463057864_561.pdf
2013-2018,3rd Parliamentary Year,"Wednesday, 11th May, 2016",501,https://na.gov.pk/uploads/documents/questions/1462947738_984.pdf
2013-2018,3rd Parliamentary Year,"Monday, 9th May, 2016",500,https://na.gov.pk/uploads/documents/questions/1462857884_941.pdf
2013-2018,3rd Parliamentary Year,"Friday, 15th April, 2016",499,https://na.gov.pk/uploads/documents/questions/1460701345_188.pdf
2013-2018,3rd Parliamentary Year,"Thursday, 14th April, 2016",498,https://na.gov.pk/uploads/documents/questions/1460618741_214.pdf
2013-2018,3rd Parliamentary Year,"Wednesday, 13th April, 2016",497,https://na.gov.pk/uploads/documents/questions/1460528503_512.pdf
2013-2018,3rd Parliamentary Year,"Friday, 25th March, 2016",496,https://na.gov.pk/uploads/documents/questions/1458887394_445.pdf
2013-2018,3rd Parliamentary Year,"Thursday, 24th March, 2016",495,https://na.gov.pk/uploads/documents/questions/1458802460_595.pdf
2013-2018,3rd Parliamentary Year,"Friday, 18th March, 2016",494,https://na.gov.pk/uploads/documents/questions/1458282869_700.pdf
2013-2018,3rd Parliamentary Year,"Thursday, 17th March, 2016",493,https://na.gov.pk/uploads/documents/questions/1458198180_958.pdf
2013-2018,3rd Parliamentary Year,"Wednesday, 16th March, 2016",492,https://na.gov.pk/uploads/documents/questions/1458110016_925.pdf
2013-2018,3rd Parliamentary Year,"Monday, 14th March, 2016",491,https://na.gov.pk/uploads/documents/questions/1457957347_414.pdf
2013-2018,3rd Parliamentary Year,"Friday, 26th February, 2016",490,https://na.gov.pk/uploads/documents/questions/1456469962_664.pdf
2013-2018,3rd Parliamentary Year,"Thursday, 25th February, 2016",489,https://na.gov.pk/uploads/documents/questions/1456384395_859.pdf
2013-2018,3rd Parliamentary Year,"Wednesday, 24th February, 2016",488,https://na.gov.pk/uploads/documents/questions/1456297775_893.pdf
2013-2018,3rd Parliamentary Year,"Monday, 22nd February, 2016",487,https://na.gov.pk/uploads/documents/questions/1456146034_129.pdf
2013-2018,3rd Parliamentary Year,"Friday, 19th February, 2016",486,https://na.gov.pk/uploads/documents/questions/1455873287_664.pdf
2013-2018,3rd Parliamentary Year,"Thursday, 18th February, 2016",485,https://na.gov.pk/uploads/documents/questions/1455780408_463.pdf
2013-2018,3rd Parliamentary Year,"Wednesday, 17th February, 2016",484,https://na.gov.pk/uploads/documents/questions/1455693464_807.pdf
2013-2018,3rd Parliamentary Year,"Monday, 15th February, 2016",483,https://na.gov.pk/uploads/documents/questions/1455539082_511.pdf
2013-2018,3rd Parliamentary Year,"Friday, 12th February, 2016",482,https://na.gov.pk/uploads/documents/questions/1455260128_312.pdf
2013-2018,3rd Parliamentary Year,"Thursday, 21st January, 2016",481,https://na.gov.pk/uploads/documents/questions/1453359597_497.pdf
2013-2018,3rd Parliamentary Year,"Wednesday, 20th January, 2016",480,https://na.gov.pk/uploads/documents/questions/1453273154_285.pdf
2013-2018,3rd Parliamentary Year,"Monday, 18th January, 2016",479,https://na.gov.pk/uploads/documents/questions/1453122530_822.pdf
2013-2018,3rd Parliamentary Year,"Friday, 15th January, 2016",478,https://na.gov.pk/uploads/documents/questions/1452850149_459.pdf
2013-2018,3rd Parliamentary Year,"Thursday, 14th January, 2016",477,https://na.gov.pk/uploads/documents/questions/1452756506_798.pdf
2013-2018,3rd Parliamentary Year,"Wednesday, 13th January, 2016",476,https://na.gov.pk/uploads/documents/questions/1452667832_284.pdf
2013-2018,3rd Parliamentary Year,"Monday, 11th January, 2016",475,https://na.gov.pk/uploads/documents/questions/1452518539_303.pdf
2013-2018,3rd Parliamentary Year,"Friday, 8th January, 2016",474,https://na.gov.pk/uploads/documents/questions/1452236148_516.pdf
2013-2018,3rd Parliamentary Year,"Thursday, 7th January, 2016",473,https://na.gov.pk/uploads/documents/questions/1452149866_346.pdf
2013-2018,3rd Parliamentary Year,"Wednesday, 6th January, 2016",472,https://na.gov.pk/uploads/documents/questions/1452063740_273.pdf
2013-2018,3rd Parliamentary Year,"Monday, 4th January, 2016",471,https://na.gov.pk/uploads/documents/questions/1451912074_426.pdf
2013-2018,3rd Parliamentary Year,"Thursday, 17th December, 2015",470,https://na.gov.pk/uploads/documents/questions/1450335791_678.pdf
2013-2018,3rd Parliamentary Year,"Wednesday, 16th December, 2015",469,https://na.gov.pk/uploads/documents/questions/1450248668_787.pdf
2013-2018,3rd Parliamentary Year,"Monday, 14th December, 2015",468,https://na.gov.pk/uploads/documents/questions/1450099012_629.pdf
2013-2018,3rd Parliamentary Year,"Friday, 11th December, 2015",466,https://na.gov.pk/uploads/documents/questions/1449829594_411.pdf
2013-2018,3rd Parliamentary Year,"Thursday, 10th December, 2015",465,https://na.gov.pk/uploads/documents/questions/1449731759_575.pdf
2013-2018,3rd Parliamentary Year,"Wednesday, 9th December, 2015",464,https://na.gov.pk/uploads/documents/questions/1449644112_219.pdf
2013-2018,3rd Parliamentary Year,"Monday, 7th December, 2015",463,https://na.gov.pk/uploads/documents/questions/1449490297_237.pdf
2013-2018,3rd Parliamentary Year,"Friday, 27th November, 2015",462,https://na.gov.pk/uploads/documents/questions/1448607799_325.pdf
2013-2018,3rd Parliamentary Year,"Thursday, 26th November, 2015",461,https://na.gov.pk/uploads/documents/questions/1448521659_486.pdf
2013-2018,3rd Parliamentary Year,"Wednesday, 25th November, 2015",460,https://na.gov.pk/uploads/documents/questions/1448434181_254.pdf
2013-2018,3rd Parliamentary Year,"Monday, 23rd November, 2015",459,https://na.gov.pk/uploads/documents/questions/1448279501_760.pdf
2013-2018,3rd Parliamentary Year,"Friday, 20th November, 2015",458,https://na.gov.pk/uploads/documents/questions/1448005123_874.pdf
2013-2018,3rd Parliamentary Year,"Wednesday, 11th November, 2015",457,https://na.gov.pk/uploads/documents/questions/1447225917_452.pdf
2013-2018,3rd Parliamentary Year,"Friday, 6th November, 2015",456,https://na.gov.pk/uploads/documents/questions/1446796037_908.pdf
2013-2018,3rd Parliamentary Year,"Thursday, 13th August, 2015",455,https://na.gov.pk/uploads/documents/questions/1439448234_625.pdf
2013-2018,3rd Parliamentary Year,"Wednesday, 12th August, 2015",454,https://na.gov.pk/uploads/documents/questions/1439365067_503.pdf
2013-2018,3rd Parliamentary Year,"Monday, 10th August, 2015",453,https://na.gov.pk/uploads/documents/questions/1439217761_525.pdf
2013-2018,3rd Parliamentary Year,"Friday, 7th August, 2015",452,https://na.gov.pk/uploads/documents/questions/1438931050_301.pdf
2013-2018,3rd Parliamentary Year,"Thursday, 6th August, 2015",451,https://na.gov.pk/uploads/documents/questions/1438847274_773.pdf
2013-2018,3rd Parliamentary Year,"Wednesday, 5th August, 2015",450,https://na.gov.pk/uploads/documents/questions/1438759440_933.pdf
2013-2018,3rd Parliamentary Year,"Monday, 3rd August, 2015",449,https://na.gov.pk/uploads/documents/questions/1438609928_811.pdf
2013-2018,3rd Parliamentary Year,"Friday, 31st July, 2015",448,https://na.gov.pk/uploads/documents/questions/1438326732_596.pdf
2013-2018,3rd Parliamentary Year,"Thursday, 30th July, 2015",447,https://na.gov.pk/uploads/documents/questions/1438243882_377.pdf
2013-2018,3rd Parliamentary Year,"Wednesday, 29th July, 2015",446,https://na.gov.pk/uploads/documents/questions/1438154967_759.pdf
2013-2018,3rd Parliamentary Year,"Monday, 27th July, 2015",445,https://na.gov.pk/uploads/documents/questions/1438002624_457.pdf
2013-2018,3rd Parliamentary Year,"Monday, 8th June, 2015",444,https://na.gov.pk/uploads/documents/questions/1433768847_417.pdf
2013-2018,4th Parliamentary Year,"Thursday, 18th May, 2017",566,https://na.gov.pk/uploads/documents/questions/1495087952_943.pdf
2013-2018,4th Parliamentary Year,"Wednesday, 17th May, 2017",565,https://na.gov.pk/uploads/documents/questions/1495006207_453.pdf
2013-2018,4th Parliamentary Year,"Monday, 15th May, 2017",564,https://na.gov.pk/uploads/documents/questions/1494851969_563.pdf
2013-2018,4th Parliamentary Year,"Friday, 21st April, 2017",563,https://na.gov.pk/uploads/documents/questions/1492756898_724.pdf
2013-2018,4th Parliamentary Year,"Thursday, 20th April, 2017",562,https://na.gov.pk/uploads/documents/questions/1492670192_149.pdf
2013-2018,4th Parliamentary Year,"Wednesday, 19th April, 2017",561,https://na.gov.pk/uploads/documents/questions/1492584828_762.pdf
2013-2018,4th Parliamentary Year,"Monday, 17th April, 2017",560,https://na.gov.pk/uploads/documents/questions/1492434769_523.pdf
2013-2018,4th Parliamentary Year,"Friday, 14th April, 2017",559,https://na.gov.pk/uploads/documents/questions/1492151948_487.pdf
2013-2018,4th Parliamentary Year,"Thursday, 13th April, 2017",558,https://na.gov.pk/uploads/documents/questions/1492063298_821.pdf
2013-2018,4th Parliamentary Year,"Wednesday, 12th April, 2017",557,https://na.gov.pk/uploads/documents/questions/1491994198_316.pdf
2013-2018,4th Parliamentary Year,"Wednesday, 22nd March, 2017",556,https://na.gov.pk/uploads/documents/questions/1490167143_443.pdf
2013-2018,4th Parliamentary Year,"Monday, 20th March, 2017",555,https://na.gov.pk/uploads/documents/questions/1490011693_510.pdf
2013-2018,4th Parliamentary Year,"Friday, 17th March, 2017",554,https://na.gov.pk/uploads/documents/questions/1489732775_533.pdf
2013-2018,4th Parliamentary Year,"Thursday, 16th March, 2017",553,https://na.gov.pk/uploads/documents/questions/1489646604_942.pdf
2013-2018,4th Parliamentary Year,"Wednesday, 15th March, 2017",552,https://na.gov.pk/uploads/documents/questions/1489558997_173.pdf
2013-2018,4th Parliamentary Year,"Monday, 13th March, 2017",551,https://na.gov.pk/uploads/documents/questions/1489406136_128.pdf
2013-2018,4th Parliamentary Year,"Friday, 10th March, 2017",550,https://na.gov.pk/uploads/documents/questions/1489128969_719.pdf
2013-2018,4th Parliamentary Year,"Thursday, 9th March, 2017",549,https://na.gov.pk/uploads/documents/questions/1489040074_301.pdf
2013-2018,4th Parliamentary Year,"Wednesday, 8th March, 2017",548,https://na.gov.pk/uploads/documents/questions/1488955516_863.pdf
2013-2018,4th Parliamentary Year,"Monday, 6th March, 2017",547,https://na.gov.pk/uploads/documents/questions/1488803291_879.pdf
2013-2018,4th Parliamentary Year,"Monday, 6th February, 2017",546,https://na.gov.pk/uploads/documents/questions/1486387421_981.pdf
2013-2018,4th Parliamentary Year,"Friday, 3rd February, 2017",545,https://na.gov.pk/uploads/documents/questions/1486103739_574.pdf
2013-2018,4th Parliamentary Year,"Thursday, 2nd February, 2017",544,https://na.gov.pk/uploads/documents/questions/1486021457_948.pdf
2013-2018,4th Parliamentary Year,"Wednesday, 1st February, 2017",543,https://na.gov.pk/uploads/documents/questions/1485933059_258.pdf
2013-2018,4th Parliamentary Year,"Monday, 30th January, 2017",542,https://na.gov.pk/uploads/documents/questions/1485781188_704.pdf
2013-2018,4th Parliamentary Year,"Friday, 27th January, 2017",541,https://na.gov.pk/uploads/documents/questions/1485502399_603.pdf
2013-2018,4th Parliamentary Year,"Thursday, 26th January, 2017",540,https://na.gov.pk/uploads/documents/questions/1485434176_381.pdf
2013-2018,4th Parliamentary Year,"Monday, 19th December, 2016",538,https://na.gov.pk/uploads/documents/questions/1482156866_245.pdf
2013-2018,4th Parliamentary Year,"Friday, 16th December, 2016",537,https://na.gov.pk/uploads/documents/questions/1481871195_459.pdf
2013-2018,4th Parliamentary Year,"Thursday, 15th December, 2016",536,https://na.gov.pk/uploads/documents/questions/1481811497_746.pdf
2013-2018,4th Parliamentary Year,"Wednesday, 14th December, 2016",535,https://na.gov.pk/uploads/documents/questions/1481719779_455.pdf
2013-2018,4th Parliamentary Year,"Wednesday, 30th November, 2016",534,https://na.gov.pk/uploads/documents/questions/1480488650_917.pdf
2013-2018,4th Parliamentary Year,"Monday, 28th November, 2016",533,https://na.gov.pk/uploads/documents/questions/1480338546_149.pdf
2013-2018,4th Parliamentary Year,"Thursday, 24th November, 2016",532,https://na.gov.pk/uploads/documents/questions/1479970855_788.pdf
2013-2018,4th Parliamentary Year,"Wednesday, 23rd November, 2016",531,https://na.gov.pk/uploads/documents/questions/1479901172_605.pdf
2013-2018,4th Parliamentary Year,"Monday, 21st November, 2016",530,https://na.gov.pk/uploads/documents/questions/1479732112_812.pdf
2013-2018,4th Parliamentary Year,"Friday, 7th October, 2016",529,https://na.gov.pk/uploads/documents/questions/1475836994_610.pdf
2013-2018,4th Parliamentary Year,"Monday, 3rd October, 2016",528,https://na.gov.pk/uploads/documents/questions/1475503634_932.pdf
2013-2018,4th Parliamentary Year,"Friday, 30th September, 2016",527,https://na.gov.pk/uploads/documents/questions/1475218741_275.pdf
2013-2018,4th Parliamentary Year,"Thursday, 29th September, 2016",526,https://na.gov.pk/uploads/documents/questions/1475132931_199.pdf
2013-2018,4th Parliamentary Year,"Wednesday, 28th September, 2016",525,https://na.gov.pk/uploads/documents/questions/1475047240_186.pdf
2013-2018,4th Parliamentary Year,"Monday, 26th September, 2016",524,https://na.gov.pk/uploads/documents/questions/1474898891_466.pdf
2013-2018,4th Parliamentary Year,"Friday, 9th September, 2016",523,https://na.gov.pk/uploads/documents/questions/1473404905_209.pdf
2013-2018,4th Parliamentary Year,"Thursday, 8th September, 2016",522,https://na.gov.pk/uploads/documents/questions/1473320361_975.pdf
2013-2018,4th Parliamentary Year,"Wednesday, 7th September, 2016",521,https://na.gov.pk/uploads/documents/questions/1473232519_823.pdf
2013-2018,4th Parliamentary Year,"Monday, 5th September, 2016",520,https://na.gov.pk/uploads/documents/questions/1473081898_701.pdf
2013-2018,4th Parliamentary Year,"Friday, 2nd September, 2016",519,https://na.gov.pk/uploads/documents/questions/1472799928_543.pdf
2013-2018,4th Parliamentary Year,"Wednesday, 17th August, 2016",518,https://na.gov.pk/uploads/documents/questions/1471416829_259.pdf
2013-2018,4th Parliamentary Year,"Monday, 15th August, 2016",517,https://na.gov.pk/uploads/documents/questions/1471268134_624.pdf
2013-2018,4th Parliamentary Year,"Friday, 12th August, 2016",516,https://na.gov.pk/uploads/documents/questions/1470989252_881.pdf
2013-2018,4th Parliamentary Year,"Thursday, 11th August, 2016",515,https://na.gov.pk/uploads/documents/questions/1470898399_445.pdf
2013-2018,4th Parliamentary Year,"Wednesday, 10th August, 2016",513,https://na.gov.pk/uploads/documents/questions/1470829361_454.pdf
2013-2018,4th Parliamentary Year,"Monday, 8th August, 2016",512,https://na.gov.pk/uploads/documents/questions/1470661970_820.pdf
2013-2018,4th Parliamentary Year,"Friday, 5th August, 2016",511,https://na.gov.pk/uploads/documents/questions/1470379650_201.pdf
2013-2018,4th Parliamentary Year,"Thursday, 4th August, 2016",510,https://na.gov.pk/uploads/documents/questions/1470316042_152.pdf
2013-2018,4th Parliamentary Year,"Wednesday, 3rd August, 2016",509,https://na.gov.pk/uploads/documents/questions/1470206574_120.pdf
2013-2018,4th Parliamentary Year,"Monday, 1st August, 2016",508,https://na.gov.pk/uploads/documents/questions/1470057800_189.pdf
2013-2018,5th Parliamentary Year,"Wednesday, 30th May, 2018",621,https://na.gov.pk/uploads/documents/questions/1527663763_147.pdf
2013-2018,5th Parliamentary Year,"Monday, 28th May, 2018",620,https://na.gov.pk/uploads/documents/questions/1527505385_853.pdf
2013-2018,5th Parliamentary Year,"Friday, 25th May, 2018",619,https://na.gov.pk/uploads/documents/questions/1527231550_912.pdf
2013-2018,5th Parliamentary Year,"Thursday, 24th May, 2018",618,https://na.gov.pk/uploads/documents/questions/1527151981_730.pdf
2013-2018,5th Parliamentary Year,"Wednesday, 23rd May, 2018",617,https://na.gov.pk/uploads/documents/questions/1527064299_226.pdf
2013-2018,5th Parliamentary Year,"Monday, 21st May, 2018",616,https://na.gov.pk/uploads/documents/questions/1526901803_678.pdf
2013-2018,5th Parliamentary Year,"Thursday, 12th April, 2018",615,https://na.gov.pk/uploads/documents/questions/1523514708_391.pdf
2013-2018,5th Parliamentary Year,"Wednesday, 11th April, 2018",614,https://na.gov.pk/uploads/documents/questions/1523427918_852.pdf
2013-2018,5th Parliamentary Year,"Friday, 16th March, 2018",613,https://na.gov.pk/uploads/documents/questions/1521183433_755.pdf
2013-2018,5th Parliamentary Year,"Thursday, 15th March, 2018",612,https://na.gov.pk/uploads/documents/questions/1521096512_156.pdf
2013-2018,5th Parliamentary Year,"Wednesday, 14th March, 2018",611,https://na.gov.pk/uploads/documents/questions/1521011320_998.pdf
2013-2018,5th Parliamentary Year,"Monday, 12th March, 2018",610,https://na.gov.pk/uploads/documents/questions/1520859778_793.pdf
2013-2018,5th Parliamentary Year,"Friday, 9th March, 2018",609,https://na.gov.pk/uploads/documents/questions/1520578608_690.pdf
2013-2018,5th Parliamentary Year,"Monday, 19th February, 2018",608,https://na.gov.pk/uploads/documents/questions/1519048069_341.pdf
2013-2018,5th Parliamentary Year,"Friday, 16th February, 2018",607,https://na.gov.pk/uploads/documents/questions/1518764202_173.pdf
2013-2018,5th Parliamentary Year,"Thursday, 15th February, 2018",606,https://na.gov.pk/uploads/documents/questions/1518679810_588.pdf
2013-2018,5th Parliamentary Year,"Wednesday, 14th February, 2018",605,https://na.gov.pk/uploads/documents/questions/1518591453_894.pdf
2013-2018,5th Parliamentary Year,"Monday, 12th February, 2018",604,https://na.gov.pk/uploads/documents/questions/1518446861_120.pdf
2013-2018,5th Parliamentary Year,"Thursday, 25th January, 2018",603,https://na.gov.pk/uploads/documents/questions/1516863225_437.pdf
2013-2018,5th Parliamentary Year,"Wednesday, 24th January, 2018",602,https://na.gov.pk/uploads/documents/questions/1516777457_876.pdf
2013-2018,5th Parliamentary Year,"Monday, 22nd January, 2018",601,https://na.gov.pk/uploads/documents/questions/1516623487_229.pdf
2013-2018,5th Parliamentary Year,"Friday, 19th January, 2018",600,https://na.gov.pk/uploads/documents/questions/1516343781_434.pdf
2013-2018,5th Parliamentary Year,"Thursday, 18th January, 2018",599,https://na.gov.pk/uploads/documents/questions/1516258096_712.pdf
2013-2018,5th Parliamentary Year,"Wednesday, 17th January, 2018",598,https://na.gov.pk/uploads/documents/questions/1516171393_965.pdf
2013-2018,5th Parliamentary Year,"Monday, 15th January, 2018",597,https://na.gov.pk/uploads/documents/questions/1516095522_923.pdf
2013-2018,5th Parliamentary Year,"Friday, 12th January, 2018",595,https://na.gov.pk/uploads/documents/questions/1515737239_815.pdf
2013-2018,5th Parliamentary Year,"Thursday, 21st December, 2017",594,https://na.gov.pk/uploads/documents/questions/1513838751_498.pdf
2013-2018,5th Parliamentary Year,"Wednesday, 20th December, 2017",593,https://na.gov.pk/uploads/documents/questions/1513772923_810.pdf
2013-2018,5th Parliamentary Year,"Monday, 18th December, 2017",592,https://na.gov.pk/uploads/documents/questions/1513600619_118.pdf
2013-2018,5th Parliamentary Year,"Friday, 15th December, 2017",591,https://na.gov.pk/uploads/documents/questions/1513321644_664.pdf
2013-2018,5th Parliamentary Year,"Thursday, 14th December, 2017",590,https://na.gov.pk/uploads/documents/questions/1513232583_384.pdf
2013-2018,5th Parliamentary Year,"Wednesday, 13th December, 2017",589,https://na.gov.pk/uploads/documents/questions/1513150822_510.pdf
2013-2018,5th Parliamentary Year,"Monday, 11th December, 2017",588,https://na.gov.pk/uploads/documents/questions/1512995747_142.pdf
2013-2018,5th Parliamentary Year,"Friday, 8th December, 2017",587,https://na.gov.pk/uploads/documents/questions/1512715795_749.pdf
2013-2018,5th Parliamentary Year,"Thursday, 7th December, 2017",586,https://na.gov.pk/uploads/documents/questions/1512655291_633.pdf
2013-2018,5th Parliamentary Year,"Monday, 6th November, 2017",585,https://na.gov.pk/uploads/documents/questions/1509973933_610.pdf
2013-2018,5th Parliamentary Year,"Friday, 3rd November, 2017",584,https://na.gov.pk/uploads/documents/questions/1509692771_805.pdf
2013-2018,5th Parliamentary Year,"Thursday, 2nd November, 2017",583,https://na.gov.pk/uploads/documents/questions/1509628082_968.pdf
2013-2018,5th Parliamentary Year,"Wednesday, 11th October, 2017",582,https://na.gov.pk/uploads/documents/questions/1507706015_970.pdf
2013-2018,5th Parliamentary Year,"Monday, 9th October, 2017",581,https://na.gov.pk/uploads/documents/questions/1507559600_351.pdf
2013-2018,5th Parliamentary Year,"Friday, 6th October, 2017",580,https://na.gov.pk/uploads/documents/questions/1507273827_184.pdf
2013-2018,5th Parliamentary Year,"Thursday, 21st September, 2017",579,https://na.gov.pk/uploads/documents/questions/1505988121_901.pdf
2013-2018,5th Parliamentary Year,"Wednesday, 20th September, 2017",578,https://na.gov.pk/uploads/documents/questions/1505893420_363.pdf
2013-2018,5th Parliamentary Year,"Monday, 18th September, 2017",577,https://na.gov.pk/uploads/documents/questions/1505734981_755.pdf
2013-2018,5th Parliamentary Year,"Friday, 15th September, 2017",576,https://na.gov.pk/uploads/documents/questions/1505458730_866.pdf
2013-2018,5th Parliamentary Year,"Thursday, 14th September, 2017",575,https://na.gov.pk/uploads/documents/questions/1505372087_776.pdf
2013-2018,5th Parliamentary Year,"Wednesday, 13th September, 2017",574,https://na.gov.pk/uploads/documents/questions/1507034819_539.pdf
2013-2018,5th Parliamentary Year,"Monday, 11th September, 2017",572,https://na.gov.pk/uploads/documents/questions/1505279163_687.pdf
2013-2018,5th Parliamentary Year,"Friday, 18th August, 2017",571,https://na.gov.pk/uploads/documents/questions/1503039496_312.pdf
2013-2018,5th Parliamentary Year,"Thursday, 17th August, 2017",570,https://na.gov.pk/uploads/documents/questions/1502973726_548.pdf
2013-2018,5th Parliamentary Year,"Thursday, 10th August, 2017",569,https://na.gov.pk/uploads/documents/questions/1502349605_963.pdf
2013-2018,5th Parliamentary Year,"Monday, 7th August, 2017",568,https://na.gov.pk/uploads/documents/questions/1502116495_771.pdf
